{
    "accuracy": 0.7694444444444445,
    "sensitivity": 0.9676646706586827,
    "specificity": 0.09387755102040816,
    "mcc": 0.12265798775454947
}