{
    "accuracy": 0.6620370370370371,
    "sensitivity": 0.755688622754491,
    "specificity": 0.34285714285714286,
    "mcc": 0.09332659332275162
}